,count,mean,std,min,25%,50%,75%,max
vendor_id,1458644.0,1.5349502688798637,0.4987771539052148,1.0,1.0,2.0,2.0,2.0
passenger_count,1458644.0,1.6645295219395548,1.3142421678122391,0.0,1.0,1.0,2.0,9.0
pickup_longitude,1458644.0,-73.97348630489282,0.07090185842269735,-121.93334197998048,-73.9918670654297,-73.98174285888672,-73.96733093261719,-61.33552932739258
pickup_latitude,1458644.0,40.750920908391734,0.032881186257633734,34.359695434570305,40.73734664916992,40.75410079956055,40.76836013793945,51.88108444213867
dropoff_longitude,1458644.0,-73.9734159469458,0.07064326809720352,-121.9333038330078,-73.99132537841797,-73.97975158691406,-73.9630126953125,-61.33552932739258
dropoff_latitude,1458644.0,40.7517995149002,0.035890555605635345,32.1811408996582,40.73588466644287,40.75452423095703,40.76980972290039,43.92102813720703
trip_duration,1458644.0,959.4922729603659,5237.431724497702,1.0,397.0,662.0,1075.0,3526282.0
