,count,mean,std,min,25%,50%,75%,max
vendor_id,625134.0,1.5348837209302326,0.49878204055550035,1.0,1.0,2.0,2.0,2.0
passenger_count,625134.0,1.6617653175159246,1.3112926692672455,0.0,1.0,1.0,2.0,9.0
pickup_longitude,625134.0,-73.97361432244571,0.07338896224385665,-121.9331283569336,-73.99185180664062,-73.98174285888672,-73.96739959716798,-69.24891662597656
pickup_latitude,625134.0,40.75092741194779,0.029847847636872732,37.38958740234375,40.73739242553711,40.754093170166016,40.76839447021485,42.814937591552734
dropoff_longitude,625134.0,-73.97345807131461,0.07256490808833851,-121.9333267211914,-73.99131774902342,-73.97977447509766,-73.9630126953125,-67.49679565429689
dropoff_latitude,625134.0,40.75181605447947,0.03582390660932231,36.601322174072266,40.736000061035156,40.75454330444336,40.76985168457031,48.85759735107422
